[{"model": "admin.logentry", "pk": 1, "fields": {"action_time": "2026-03-28T16:11:55.628Z", "user": 1, "content_type": 11, "object_id": "1", "object_repr": "Génie Informatique et Mathématiques", "action_flag": 1, "change_message": "[{\"added\": {}}]"}}, {"model": "admin.logentry", "pk": 2, "fields": {"action_time": "2026-03-28T16:13:07.129Z", "user": 1, "content_type": 11, "object_id": "2", "object_repr": "Physique et Chimie", "action_flag": 1, "change_message": "[{\"added\": {}}]"}}, {"model": "admin.logentry", "pk": 3, "fields": {"action_time": "2026-03-28T16:14:05.712Z", "user": 1, "content_type": 11, "object_id": "3", "object_repr": "Sciences de la Vie et de la Terre", "action_flag": 1, "change_message": "[{\"added\": {}}]"}}, {"model": "auth.permission", "pk": 1, "fields": {"name": "Can add log entry", "content_type": 1, "codename": "add_logentry"}}, {"model": "auth.permission", "pk": 2, "fields": {"name": "Can change log entry", "content_type": 1, "codename": "change_logentry"}}, {"model": "auth.permission", "pk": 3, "fields": {"name": "Can delete log entry", "content_type": 1, "codename": "delete_logentry"}}, {"model": "auth.permission", "pk": 4, "fields": {"name": "Can view log entry", "content_type": 1, "codename": "view_logentry"}}, {"model": "auth.permission", "pk": 5, "fields": {"name": "Can add permission", "content_type": 3, "codename": "add_permission"}}, {"model": "auth.permission", "pk": 6, "fields": {"name": "Can change permission", "content_type": 3, "codename": "change_permission"}}, {"model": "auth.permission", "pk": 7, "fields": {"name": "Can delete permission", "content_type": 3, "codename": "delete_permission"}}, {"model": "auth.permission", "pk": 8, "fields": {"name": "Can view permission", "content_type": 3, "codename": "view_permission"}}, {"model": "auth.permission", "pk": 9, "fields": {"name": "Can add group", "content_type": 2, "codename": "add_group"}}, {"model": "auth.permission", "pk": 10, "fields": {"name": "Can change group", "content_type": 2, "codename": "change_group"}}, {"model": "auth.permission", "pk": 11, "fields": {"name": "Can delete group", "content_type": 2, "codename": "delete_group"}}, {"model": "auth.permission", "pk": 12, "fields": {"name": "Can view group", "content_type": 2, "codename": "view_group"}}, {"model": "auth.permission", "pk": 13, "fields": {"name": "Can add content type", "content_type": 4, "codename": "add_contenttype"}}, {"model": "auth.permission", "pk": 14, "fields": {"name": "Can change content type", "content_type": 4, "codename": "change_contenttype"}}, {"model": "auth.permission", "pk": 15, "fields": {"name": "Can delete content type", "content_type": 4, "codename": "delete_contenttype"}}, {"model": "auth.permission", "pk": 16, "fields": {"name": "Can view content type", "content_type": 4, "codename": "view_contenttype"}}, {"model": "auth.permission", "pk": 17, "fields": {"name": "Can add session", "content_type": 5, "codename": "add_session"}}, {"model": "auth.permission", "pk": 18, "fields": {"name": "Can change session", "content_type": 5, "codename": "change_session"}}, {"model": "auth.permission", "pk": 19, "fields": {"name": "Can delete session", "content_type": 5, "codename": "delete_session"}}, {"model": "auth.permission", "pk": 20, "fields": {"name": "Can view session", "content_type": 5, "codename": "view_session"}}, {"model": "auth.permission", "pk": 21, "fields": {"name": "Can add parent", "content_type": 6, "codename": "add_parent"}}, {"model": "auth.permission", "pk": 22, "fields": {"name": "Can change parent", "content_type": 6, "codename": "change_parent"}}, {"model": "auth.permission", "pk": 23, "fields": {"name": "Can delete parent", "content_type": 6, "codename": "delete_parent"}}, {"model": "auth.permission", "pk": 24, "fields": {"name": "Can view parent", "content_type": 6, "codename": "view_parent"}}, {"model": "auth.permission", "pk": 25, "fields": {"name": "Can add student", "content_type": 7, "codename": "add_student"}}, {"model": "auth.permission", "pk": 26, "fields": {"name": "Can change student", "content_type": 7, "codename": "change_student"}}, {"model": "auth.permission", "pk": 27, "fields": {"name": "Can delete student", "content_type": 7, "codename": "delete_student"}}, {"model": "auth.permission", "pk": 28, "fields": {"name": "Can view student", "content_type": 7, "codename": "view_student"}}, {"model": "auth.permission", "pk": 29, "fields": {"name": "Can add user", "content_type": 8, "codename": "add_customuser"}}, {"model": "auth.permission", "pk": 30, "fields": {"name": "Can change user", "content_type": 8, "codename": "change_customuser"}}, {"model": "auth.permission", "pk": 31, "fields": {"name": "Can delete user", "content_type": 8, "codename": "delete_customuser"}}, {"model": "auth.permission", "pk": 32, "fields": {"name": "Can view user", "content_type": 8, "codename": "view_customuser"}}, {"model": "auth.permission", "pk": 33, "fields": {"name": "Can add teacher", "content_type": 10, "codename": "add_teacher"}}, {"model": "auth.permission", "pk": 34, "fields": {"name": "Can change teacher", "content_type": 10, "codename": "change_teacher"}}, {"model": "auth.permission", "pk": 35, "fields": {"name": "Can delete teacher", "content_type": 10, "codename": "delete_teacher"}}, {"model": "auth.permission", "pk": 36, "fields": {"name": "Can view teacher", "content_type": 10, "codename": "view_teacher"}}, {"model": "auth.permission", "pk": 37, "fields": {"name": "Can add department", "content_type": 9, "codename": "add_department"}}, {"model": "auth.permission", "pk": 38, "fields": {"name": "Can change department", "content_type": 9, "codename": "change_department"}}, {"model": "auth.permission", "pk": 39, "fields": {"name": "Can delete department", "content_type": 9, "codename": "delete_department"}}, {"model": "auth.permission", "pk": 40, "fields": {"name": "Can view department", "content_type": 9, "codename": "view_department"}}, {"model": "auth.permission", "pk": 41, "fields": {"name": "Can add department", "content_type": 11, "codename": "add_department"}}, {"model": "auth.permission", "pk": 42, "fields": {"name": "Can change department", "content_type": 11, "codename": "change_department"}}, {"model": "auth.permission", "pk": 43, "fields": {"name": "Can delete department", "content_type": 11, "codename": "delete_department"}}, {"model": "auth.permission", "pk": 44, "fields": {"name": "Can view department", "content_type": 11, "codename": "view_department"}}, {"model": "auth.permission", "pk": 45, "fields": {"name": "Can add subject", "content_type": 12, "codename": "add_subject"}}, {"model": "auth.permission", "pk": 46, "fields": {"name": "Can change subject", "content_type": 12, "codename": "change_subject"}}, {"model": "auth.permission", "pk": 47, "fields": {"name": "Can delete subject", "content_type": 12, "codename": "delete_subject"}}, {"model": "auth.permission", "pk": 48, "fields": {"name": "Can view subject", "content_type": 12, "codename": "view_subject"}}, {"model": "auth.permission", "pk": 49, "fields": {"name": "Can add Jour Férié", "content_type": 13, "codename": "add_holiday"}}, {"model": "auth.permission", "pk": 50, "fields": {"name": "Can change Jour Férié", "content_type": 13, "codename": "change_holiday"}}, {"model": "auth.permission", "pk": 51, "fields": {"name": "Can delete Jour Férié", "content_type": 13, "codename": "delete_holiday"}}, {"model": "auth.permission", "pk": 52, "fields": {"name": "Can view Jour Férié", "content_type": 13, "codename": "view_holiday"}}, {"model": "auth.permission", "pk": 53, "fields": {"name": "Can add exam", "content_type": 14, "codename": "add_exam"}}, {"model": "auth.permission", "pk": 54, "fields": {"name": "Can change exam", "content_type": 14, "codename": "change_exam"}}, {"model": "auth.permission", "pk": 55, "fields": {"name": "Can delete exam", "content_type": 14, "codename": "delete_exam"}}, {"model": "auth.permission", "pk": 56, "fields": {"name": "Can view exam", "content_type": 14, "codename": "view_exam"}}, {"model": "auth.permission", "pk": 57, "fields": {"name": "Can add result", "content_type": 15, "codename": "add_result"}}, {"model": "auth.permission", "pk": 58, "fields": {"name": "Can change result", "content_type": 15, "codename": "change_result"}}, {"model": "auth.permission", "pk": 59, "fields": {"name": "Can delete result", "content_type": 15, "codename": "delete_result"}}, {"model": "auth.permission", "pk": 60, "fields": {"name": "Can view result", "content_type": 15, "codename": "view_result"}}, {"model": "auth.permission", "pk": 61, "fields": {"name": "Can add time table", "content_type": 16, "codename": "add_timetable"}}, {"model": "auth.permission", "pk": 62, "fields": {"name": "Can change time table", "content_type": 16, "codename": "change_timetable"}}, {"model": "auth.permission", "pk": 63, "fields": {"name": "Can delete time table", "content_type": 16, "codename": "delete_timetable"}}, {"model": "auth.permission", "pk": 64, "fields": {"name": "Can view time table", "content_type": 16, "codename": "view_timetable"}}, {"model": "auth.permission", "pk": 65, "fields": {"name": "Can add schedule proposal", "content_type": 17, "codename": "add_scheduleproposal"}}, {"model": "auth.permission", "pk": 66, "fields": {"name": "Can change schedule proposal", "content_type": 17, "codename": "change_scheduleproposal"}}, {"model": "auth.permission", "pk": 67, "fields": {"name": "Can delete schedule proposal", "content_type": 17, "codename": "delete_scheduleproposal"}}, {"model": "auth.permission", "pk": 68, "fields": {"name": "Can view schedule proposal", "content_type": 17, "codename": "view_scheduleproposal"}}, {"model": "contenttypes.contenttype", "pk": 1, "fields": {"app_label": "admin", "model": "logentry"}}, {"model": "contenttypes.contenttype", "pk": 2, "fields": {"app_label": "auth", "model": "group"}}, {"model": "contenttypes.contenttype", "pk": 3, "fields": {"app_label": "auth", "model": "permission"}}, {"model": "contenttypes.contenttype", "pk": 4, "fields": {"app_label": "contenttypes", "model": "contenttype"}}, {"model": "contenttypes.contenttype", "pk": 5, "fields": {"app_label": "sessions", "model": "session"}}, {"model": "contenttypes.contenttype", "pk": 6, "fields": {"app_label": "student", "model": "parent"}}, {"model": "contenttypes.contenttype", "pk": 7, "fields": {"app_label": "student", "model": "student"}}, {"model": "contenttypes.contenttype", "pk": 8, "fields": {"app_label": "home_auth", "model": "customuser"}}, {"model": "contenttypes.contenttype", "pk": 9, "fields": {"app_label": "teacher", "model": "department"}}, {"model": "contenttypes.contenttype", "pk": 10, "fields": {"app_label": "teacher", "model": "teacher"}}, {"model": "contenttypes.contenttype", "pk": 11, "fields": {"app_label": "department", "model": "department"}}, {"model": "contenttypes.contenttype", "pk": 12, "fields": {"app_label": "subject", "model": "subject"}}, {"model": "contenttypes.contenttype", "pk": 13, "fields": {"app_label": "holiday", "model": "holiday"}}, {"model": "contenttypes.contenttype", "pk": 14, "fields": {"app_label": "exam", "model": "exam"}}, {"model": "contenttypes.contenttype", "pk": 15, "fields": {"app_label": "exam", "model": "result"}}, {"model": "contenttypes.contenttype", "pk": 16, "fields": {"app_label": "timetable", "model": "timetable"}}, {"model": "contenttypes.contenttype", "pk": 17, "fields": {"app_label": "timetable", "model": "scheduleproposal"}}, {"model": "sessions.session", "pk": "47srih6x9wnxf23pkwj43e87xxrzb93w", "fields": {"session_data": ".eJxVjDsOwjAQBe_iGlmLWX9CSc8ZorV3jQPIluKkQtwdIqWA9s3Me6mR1qWMa5d5nFid1VEdfrdI6SF1A3ynems6tbrMU9Sbonfa9bWxPC-7-3dQqJdvLYA2egPsrGQPyAlA6AQ5JkzWBUNe2KFJdsAhRKJgwEWPHshIZlTvD-Q1N_M:1w69ha:DFqewRj-vU1cRC3bnUqIRi7BdjgWDhaxRfcmLkfyBvo", "expire_date": "2026-04-10T16:06:26.157Z"}}, {"model": "sessions.session", "pk": "9g8awfbdnapss3y8yo0nvhd08ugovgi7", "fields": {"session_data": "e30:1w6TI6:JdrUwxcqlOJubKN0dYBJcrwcXjq66FjHWbdwGigrYoY", "expire_date": "2026-04-11T13:01:26.100Z"}}, {"model": "sessions.session", "pk": "khw1mjzqm1oh0u8i6fcnsfx1n61z86gc", "fields": {"session_data": ".eJxVjEsOAiEQBe_C2hCBblpcuvcMpPnJqIFkmFkZ766TzEK3r6reS3hel-rXkWc_JXEWRhx-t8DxkdsG0p3brcvY2zJPQW6K3OmQ157y87K7fweVR_3WqAkcGgfmZMFy0dEqVTggwjFmRYGYNSC7kmKOBKlgcQ4oWyCruIj3B8ZRN7s:1w6aRb:cBMbip-7EVxdRT_-EdNai-4qRcTUfeH3SUBk30BcigQ", "expire_date": "2026-04-11T20:39:43.517Z"}}, {"model": "sessions.session", "pk": "lf8dqbpf2g0zj5hu56x109jc17miodir", "fields": {"session_data": ".eJxVjEsOAiEQBe_C2hCBblpcuvcMpPnJqIFkmFkZ766TzEK3r6reS3hel-rXkWc_JXEWRhx-t8DxkdsG0p3brcvY2zJPQW6K3OmQ157y87K7fweVR_3WqAkcGgfmZMFy0dEqVTggwjFmRYGYNSC7kmKOBKlgcQ4oWyCruIj3B8ZRN7s:1w68HO:z6yl7qTBlyecaYY62XLWJ5D7KItkxVIVUjK0aApHBYQ", "expire_date": "2026-04-10T14:35:18.988Z"}}, {"model": "sessions.session", "pk": "mqcpk4lnyjczcdzot80wsjoh9l4ujvx3", "fields": {"session_data": ".eJxVjEsOAiEQBe_C2hBAaBqX7j0DaaCRUcMk81kZ725IZqHbV1XvLSLtW4v7ykucirgIK06_W6L85D5AeVC_zzLPfVumJIciD7rK21z4dT3cv4NGaxs1UEYsqZoA2qusXEXnDWANmIhZgyYVDCvwmn21TgGeAZWzNjtwRXy-2zQ2_g:1w6EKb:e3Es30wh8P-d9_DPFtP_qU3Oe6VrPHEKdoFeu4xROAg", "expire_date": "2026-04-10T21:03:01.566Z"}}, {"model": "sessions.session", "pk": "q143ncxrvuuwxoxrdzwno0oe96uas3bx", "fields": {"session_data": ".eJxVjMsOwiAQRf-FtSG8GVy69xvIMFCpGkhKuzL-uzbpQrf3nHNfLOK21riNssQ5szOT7PS7JaRHaTvId2y3zqm3dZkT3xV-0MGvPZfn5XD_DiqO-q3JgnIBJmEkWlXQBKvJwVQgGSsFJLDBEzmtPXoVvCflhBLSgEtkULD3B7rUNo8:1w7aYF:lxhIWSMCQ8kyYTKVgEuqvsX3OGXJlT7EprP-L7fu5rw", "expire_date": "2026-04-14T14:58:43.777Z"}}, {"model": "sessions.session", "pk": "tyjori2ep9f736wb4ag65in1hbgqsnp0", "fields": {"session_data": ".eJxVjDsOwjAQBe_iGlmLWX9CSc8ZorV3jQPIluKkQtwdIqWA9s3Me6mR1qWMa5d5nFid1VEdfrdI6SF1A3ynems6tbrMU9Sbonfa9bWxPC-7-3dQqJdvLYA2egPsrGQPyAlA6AQ5JkzWBUNe2KFJdsAhRKJgwEWPHshIZlTvD-Q1N_M:1w7Jce:gx6BUJzR1FaI5VeN0c4xIidB8vmKDnDK0QkedrtlPyo", "expire_date": "2026-04-13T20:54:08.967Z"}}, {"model": "sessions.session", "pk": "xbrt3td7v527yzxkflcyf6yqjhg0mwja", "fields": {"session_data": ".eJxVjDsOwjAQRO_iGln-O0tJzxmszdrgALKlOKkQd8eRUiTdaN6b-bKA65LD2tIcpsiubGCXYzcivVPZQHxheVZOtSzzNPJN4Ttt_F5j-tx293SQseW-9hDxoZNWMUkajHUeNAoEaYB60spaQu_A6K6QEhbRgZVCSVDkDbHfH9PgNuU:1w7wkE:L-ctEadkB5NxUvr6RG-arACl7aadR6FusL74ezYeOoo", "expire_date": "2026-04-15T14:40:34.450Z"}}, {"model": "sessions.session", "pk": "zdaztawi9fbooyshxnb7kxf332n7o60e", "fields": {"session_data": ".eJxVjMsOwiAQAP-FsyG4UB4evfsNZHcBqRqalPZk_HdD0oNeZybzFhH3rca95zXOSVyEE6dfRsjP3IZID2z3RfLStnUmORJ52C5vS8qv69H-DSr2OrYa_RkCZka2yZfCoMk4EwqCNxaSmmwALmpyDA6oEFBWyNplXbQx4vMF9Os4Mw:1w6eGx:dE_SwopjRMX01bmcLjxsm-ulhDv7CLjfEl2XlYYA1eE", "expire_date": "2026-04-12T00:44:59.100Z"}}, {"model": "student.parent", "pk": 1, "fields": {"father_name": "MOHAMED", "father_occupation": "HHHHH", "father_mobile": "0628056468", "father_email": "MOHAMAED@gmail.com", "mother_name": "Rajae", "mother_occupation": "HHHHHHHH", "mother_mobile": "0712531256", "mother_email": "Rajae@gmail.com", "present_address": "Ancienne Route de l'Aéroport , km 10 , Ziaten . BP-416.Tanger-Maroc", "permanent_address": "228 ROUTE OULED ZIANE CASA"}}, {"model": "student.parent", "pk": 2, "fields": {"father_name": "MOHAMED", "father_occupation": "HHHHH", "father_mobile": "0628056614", "father_email": "MOHAMAED@gmail.com", "mother_name": "FATIM", "mother_occupation": "HHHHHHHH", "mother_mobile": "0712531256", "mother_email": "FATIM@gmail.com", "present_address": "Ancienne Route de l'Aéroport , km 10 , Ziaten . BP-416.Tanger-Maroc", "permanent_address": "228 ROUTE OULED ZIANE CASA"}}, {"model": "student.parent", "pk": 3, "fields": {"father_name": "mohamed", "father_occupation": "hhhhh", "father_mobile": "0645362718", "father_email": "HHHH@gmail.com", "mother_name": "AICHA", "mother_occupation": "HHHHH", "mother_mobile": "0765431256", "mother_email": "HHH@gmail.com", "present_address": "HHH", "permanent_address": "HHH"}}, {"model": "student.parent", "pk": 4, "fields": {"father_name": "Omar Benali", "father_occupation": "Ingenieur", "father_mobile": "0661000001", "father_email": "omar@email.com", "mother_name": "Amina Benali", "mother_occupation": "Prof", "mother_mobile": "0661000002", "mother_email": "amina@email.com", "present_address": "12 Rue Fes", "permanent_address": "12 Rue Fes"}}, {"model": "student.parent", "pk": 5, "fields": {"father_name": "Hassan El Fassi", "father_occupation": "Medecin", "father_mobile": "0661000003", "father_email": "hassan@email.com", "mother_name": "Zineb El Fassi", "mother_occupation": "Infirmiere", "mother_mobile": "0661000004", "mother_email": "zineb@email.com", "present_address": "5 Av Casablanca", "permanent_address": "5 Av Casablanca"}}, {"model": "student.parent", "pk": 6, "fields": {"father_name": "Rachid Chraibi", "father_occupation": "Comercant", "father_mobile": "0661000005", "father_email": "rachid@email.com", "mother_name": "Houda Chraibi", "mother_occupation": "Enseignante", "mother_mobile": "0661000006", "mother_email": "houda@email.com", "present_address": "8 Rue Rabat", "permanent_address": "8 Rue Rabat"}}, {"model": "student.parent", "pk": 7, "fields": {"father_name": "Said Ziani", "father_occupation": "Fonctionnaire", "father_mobile": "0661000007", "father_email": "said@email.com", "mother_name": "Naima Ziani", "mother_occupation": "Menagere", "mother_mobile": "0661000008", "mother_email": "naima@email.com", "present_address": "3 Bd Marrakech", "permanent_address": "3 Bd Marrakech"}}, {"model": "student.parent", "pk": 8, "fields": {"father_name": "Ali Berrada", "father_occupation": "Architecte", "father_mobile": "0661000009", "father_email": "ali@email.com", "mother_name": "Khadija Berrada", "mother_occupation": "Avocate", "mother_mobile": "0661000010", "mother_email": "khadija@email.com", "present_address": "22 Rue Agadir", "permanent_address": "22 Rue Agadir"}}, {"model": "student.parent", "pk": 9, "fields": {"father_name": "Mourad Mansouri", "father_occupation": "Ingenieur", "father_mobile": "0661000011", "father_email": "mourad@email.com", "mother_name": "Samira Mansouri", "mother_occupation": "Dentiste", "mother_mobile": "0661000012", "mother_email": "samira@email.com", "present_address": "7 Av Tanger", "permanent_address": "7 Av Tanger"}}, {"model": "student.parent", "pk": 10, "fields": {"father_name": "Nabil Lahrichi", "father_occupation": "Comptable", "father_mobile": "0661000013", "father_email": "nabil@email.com", "mother_name": "Rajae Lahrichi", "mother_occupation": "Pharmacienne", "mother_mobile": "0661000014", "mother_email": "rajae@email.com", "present_address": "15 Rue Meknes", "permanent_address": "15 Rue Meknes"}}, {"model": "student.parent", "pk": 11, "fields": {"father_name": "Bilal Oufkir", "father_occupation": "Pilote", "father_mobile": "0661000015", "father_email": "bilal@email.com", "mother_name": "Widad Oufkir", "mother_occupation": "Avocate", "mother_mobile": "0661000016", "mother_email": "widad@email.com", "present_address": "9 Av Oujda", "permanent_address": "9 Av Oujda"}}, {"model": "student.parent", "pk": 12, "fields": {"father_name": "MOHAMED", "father_occupation": "HHHHH", "father_mobile": "0628056614", "father_email": "MOHAMAED@gmail.com", "mother_name": "FATIM", "mother_occupation": "HHHHHHHH", "mother_mobile": "0628056614", "mother_email": "FATIM@gmail.com", "present_address": "228. Route Oulad Ziane", "permanent_address": "228. Route Oulad Ziane\r\n12"}}, {"model": "student.parent", "pk": 13, "fields": {"father_name": "Omar Benali", "father_occupation": "Ingenieur", "father_mobile": "0661000001", "father_email": "omar@email.com", "mother_name": "Amina Benali", "mother_occupation": "Prof", "mother_mobile": "0661000002", "mother_email": "amina@email.com", "present_address": "12 Rue Fes", "permanent_address": "12 Rue Fes"}}, {"model": "student.student", "pk": 7, "fields": {"first_name": "Imane", "last_name": "Ziani", "student_id": "2024004", "gender": "Female", "date_of_birth": "2003-02-14", "student_class": "IDAI", "joining_date": "2024-09-01", "mobile_number": "0661234504", "admission_number": "ADM004", "section": "C", "student_image": "", "parent": 7}}, {"model": "student.student", "pk": 8, "fields": {"first_name": "Omar", "last_name": "Berrada", "student_id": "2024005", "gender": "Male", "date_of_birth": "2002-08-30", "student_class": "IDAG", "joining_date": "2024-09-01", "mobile_number": "0661234505", "admission_number": "ADM005", "section": "B", "student_image": "", "parent": 8}}, {"model": "student.student", "pk": 9, "fields": {"first_name": "Hiba", "last_name": "Mansouri", "student_id": "2024006", "gender": "Female", "date_of_birth": "2003-05-18", "student_class": "IDAI", "joining_date": "2024-09-01", "mobile_number": "0661234506", "admission_number": "ADM006", "section": "A", "student_image": "", "parent": 9}}, {"model": "student.student", "pk": 10, "fields": {"first_name": "Yassine", "last_name": "Lahrichi", "student_id": "2024007", "gender": "Male", "date_of_birth": "2002-12-01", "student_class": "IDAG", "joining_date": "2024-09-01", "mobile_number": "0661234507", "admission_number": "ADM007", "section": "B", "student_image": "", "parent": 10}}, {"model": "student.student", "pk": 11, "fields": {"first_name": "Salma", "last_name": "Oufkir", "student_id": "2024008", "gender": "Female", "date_of_birth": "2003-09-09", "student_class": "IDAI", "joining_date": "2024-09-01", "mobile_number": "0661234508", "admission_number": "ADM008", "section": "C", "student_image": "", "parent": 11}}, {"model": "student.student", "pk": 12, "fields": {"first_name": "Doha", "last_name": "OUTAHAR", "student_id": "2512712", "gender": "Female", "date_of_birth": "2005-09-01", "student_class": "IDAI", "joining_date": "2013-09-09", "mobile_number": "0628056614", "admission_number": "6237623", "section": "2", "student_image": "students/Gemini_Generated_Image_shi7ptshi7ptshi7_1_k9XVans.png", "parent": 12}}, {"model": "student.student", "pk": 13, "fields": {"first_name": "Ayoub", "last_name": "Benali", "student_id": "2024001", "gender": "Male", "date_of_birth": "2003-04-12", "student_class": "IDAI", "joining_date": "2024-09-01", "mobile_number": "0661234501", "admission_number": "ADM001", "section": "A", "student_image": "", "parent": 13}}, {"model": "home_auth.customuser", "pk": 1, "fields": {"password": "pbkdf2_sha256$1200000$Couj6jHuF8nDmuLUCfv704$TmaXPYxAhwUJJTJW3CAdNWZH6bGP+xuUuMksRFOO+ZY=", "last_login": "2026-03-31T14:58:43.773Z", "is_superuser": true, "username": "admin", "first_name": "", "last_name": "", "email": "admin@gmail.com", "is_staff": true, "is_active": true, "date_joined": "2026-03-27T12:18:14.855Z", "is_student": false, "is_teacher": false, "is_admin": false, "groups": [], "user_permissions": []}}, {"model": "home_auth.customuser", "pk": 2, "fields": {"password": "pbkdf2_sha256$1200000$rtO1heRf7zdKLCK7X1IYkV$+EbkHfOzPgLrJCjMRdV1/CK6LIx2TAZO6hYKy5JpI8I=", "last_login": "2026-03-27T13:39:11.386Z", "is_superuser": false, "username": "doha@gmail.com", "first_name": "Doha", "last_name": "OUT", "email": "doha@gmail.com", "is_staff": false, "is_active": true, "date_joined": "2026-03-27T13:13:10.601Z", "is_student": true, "is_teacher": false, "is_admin": false, "groups": [], "user_permissions": []}}, {"model": "home_auth.customuser", "pk": 3, "fields": {"password": "pbkdf2_sha256$1200000$kHhLL096HyrYZsV8oTrPBU$ZHfZvK0XE/PEukjluJnHJ7PDePEfCe9GNN1LusBHkms=", "last_login": "2026-03-31T15:28:51.200Z", "is_superuser": false, "username": "ahlam@gmail.com", "first_name": "AHLAM", "last_name": "EL HADI", "email": "ahlam@gmail.com", "is_staff": false, "is_active": true, "date_joined": "2026-03-27T13:44:33.674Z", "is_student": true, "is_teacher": false, "is_admin": false, "groups": [], "user_permissions": []}}, {"model": "home_auth.customuser", "pk": 4, "fields": {"password": "pbkdf2_sha256$1200000$s7cKsG8oUKfR11hs7UvIhb$CMQBryx8vzgnGxQr97FL9eBZX1bMDfrFw1+GgclWRIw=", "last_login": "2026-03-27T21:03:01.555Z", "is_superuser": false, "username": "ahlame15@gmail.com", "first_name": "ahlam", "last_name": "el hadi", "email": "ahlame15@gmail.com", "is_staff": false, "is_active": true, "date_joined": "2026-03-27T21:02:52.677Z", "is_student": false, "is_teacher": false, "is_admin": true, "groups": [], "user_permissions": []}}, {"model": "home_auth.customuser", "pk": 5, "fields": {"password": "pbkdf2_sha256$1200000$zjSwiLnYtoZktauffXb5Gk$SlPb2nU75X2VySRfnz3bT3lUi80tuFlAhhbQMyNR/28=", "last_login": "2026-03-30T20:38:32.448Z", "is_superuser": false, "username": "prof1@gmail.com", "first_name": "Prof", "last_name": "1", "email": "prof1@gmail.com", "is_staff": false, "is_active": true, "date_joined": "2026-03-28T13:01:07.756Z", "is_student": false, "is_teacher": true, "is_admin": false, "groups": [], "user_permissions": []}}, {"model": "home_auth.customuser", "pk": 6, "fields": {"password": "pbkdf2_sha256$1200000$9e8ILENOYmurm98w83FmSw$I4x/3/gDskBOrT9GowP5HamEAM5LAnXbQ57dnUjnD9o=", "last_login": "2026-03-28T19:49:09.771Z", "is_superuser": false, "username": "admin@test.com", "first_name": "Admin", "last_name": "User", "email": "admin@test.com", "is_staff": false, "is_active": true, "date_joined": "2026-03-28T19:45:47.334Z", "is_student": true, "is_teacher": false, "is_admin": false, "groups": [], "user_permissions": []}}, {"model": "home_auth.customuser", "pk": 7, "fields": {"password": "pbkdf2_sha256$1200000$VhfgsxlfvnNuCjhhRRHbtO$+bb7040RVcwog0fYEqk8zjNd5eRdDLJYA3Ix7vIzQ+U=", "last_login": "2026-03-29T00:44:59.079Z", "is_superuser": false, "username": "Prof3@gmail.com", "first_name": "Prof", "last_name": "3", "email": "Prof3@gmail.com", "is_staff": false, "is_active": true, "date_joined": "2026-03-28T20:02:18.394Z", "is_student": false, "is_teacher": true, "is_admin": false, "groups": [], "user_permissions": []}}, {"model": "home_auth.customuser", "pk": 8, "fields": {"password": "pbkdf2_sha256$1200000$hu8bH4Y1zckCHkBGoe5I9I$3fTvE5Ipw6ldkiiuORV5GcrvWtl5qPLp/xyKa7fMd7Q=", "last_login": "2026-04-01T14:40:34.444Z", "is_superuser": false, "username": "admin@gmail.com", "first_name": "Doha", "last_name": "OUTAHAR", "email": "admin@gmail.com", "is_staff": false, "is_active": true, "date_joined": "2026-03-31T15:24:09.460Z", "is_student": false, "is_teacher": false, "is_admin": true, "groups": [], "user_permissions": []}}, {"model": "home_auth.customuser", "pk": 9, "fields": {"password": "pbkdf2_sha256$1200000$lXxMSywTeiZwIcYgK6WykG$1SKo7tJumjDv0fkYSbTghR0ZCrpjDoIVqGJ9vaVQPeI=", "last_login": "2026-03-31T15:27:49.227Z", "is_superuser": false, "username": "Prof@gmail.com", "first_name": "Prof", "last_name": "1", "email": "Prof@gmail.com", "is_staff": false, "is_active": true, "date_joined": "2026-03-31T15:27:33.250Z", "is_student": false, "is_teacher": true, "is_admin": false, "groups": [], "user_permissions": []}}, {"model": "home_auth.customuser", "pk": 10, "fields": {"password": "pbkdf2_sha256$1200000$NUlzYy0EIw1SUpYcFhfbWG$klwszvUe+2Mrk29zHm9p8HC77hhJTDj96uFIrHG5Ww4=", "last_login": "2026-04-01T20:33:16.355Z", "is_superuser": false, "username": "admin@preskool.ma", "first_name": "admin", "last_name": "1", "email": "admin@preskool.ma", "is_staff": false, "is_active": true, "date_joined": "2026-04-01T18:35:43.501Z", "is_student": false, "is_teacher": false, "is_admin": true, "groups": [], "user_permissions": []}}, {"model": "home_auth.customuser", "pk": 11, "fields": {"password": "pbkdf2_sha256$1200000$5RAJC6pVmkNqXL0godaFjC$xPp/Wr1W4UgE/mCEtm4L8WV3XCLc8XN1AenRFEzbniE=", "last_login": "2026-04-01T20:32:34.423Z", "is_superuser": false, "username": "teacher@preskool.ma", "first_name": "teacher", "last_name": "1", "email": "teacher@preskool.ma", "is_staff": false, "is_active": true, "date_joined": "2026-04-01T18:36:35.493Z", "is_student": false, "is_teacher": true, "is_admin": false, "groups": [], "user_permissions": []}}, {"model": "home_auth.customuser", "pk": 12, "fields": {"password": "pbkdf2_sha256$1200000$VaHjOuWqMEB2fsmKrJ6Xa9$xvDhyX6KEIUJCAuQHuszlVoHqDLJFlD7E26xt3EO9qM=", "last_login": "2026-04-01T23:14:12.557Z", "is_superuser": false, "username": "student@preskool.ma", "first_name": "student", "last_name": "1", "email": "student@preskool.ma", "is_staff": false, "is_active": true, "date_joined": "2026-04-01T18:37:30.625Z", "is_student": true, "is_teacher": false, "is_admin": false, "groups": [], "user_permissions": []}}, {"model": "home_auth.customuser", "pk": 13, "fields": {"password": "pbkdf2_sha256$1200000$Dj8dsICpTgWkGfn6ZjeiW9$rIpTra5lpVV0awqWH7zd3gGAICPLyum5HFBpJHFliN0=", "last_login": null, "is_superuser": true, "username": "superadmin", "first_name": "", "last_name": "", "email": "superadmin@gmail.com", "is_staff": true, "is_active": true, "date_joined": "2026-04-01T19:18:48.386Z", "is_student": false, "is_teacher": false, "is_admin": false, "groups": [], "user_permissions": []}}, {"model": "teacher.teacher", "pk": 5, "fields": {"teacher_id": "TCH001", "first_name": "Karim", "last_name": "Idrissi", "gender": "Male", "date_of_birth": "1978-03-15", "mobile_number": "0661100001", "joining_date": "2015-09-01", "experience": "10 ans", "address": "5 Rue Atlas, Casablanca", "department": 5}}, {"model": "teacher.teacher", "pk": 6, "fields": {"teacher_id": "TCH002", "first_name": "Fatima", "last_name": "Zahra", "gender": "Female", "date_of_birth": "1982-07-22", "mobile_number": "0661100002", "joining_date": "2017-09-01", "experience": "8 ans", "address": "12 Av Hassan II, Rabat", "department": 6}}, {"model": "teacher.teacher", "pk": 7, "fields": {"teacher_id": "TCH003", "first_name": "Yassine", "last_name": "Benali", "gender": "Male", "date_of_birth": "1980-11-10", "mobile_number": "0661100003", "joining_date": "2016-09-01", "experience": "9 ans", "address": "8 Rue Fes, Meknes", "department": 8}}, {"model": "teacher.teacher", "pk": 16, "fields": {"teacher_id": "TEST2", "first_name": "Houda", "last_name": "Mansouri", "gender": "Female", "date_of_birth": "1988-01-18", "mobile_number": "0661100006", "joining_date": "2019-09-01", "experience": "5ANS", "address": "VVV", "department": 18}}, {"model": "department.department", "pk": 3, "fields": {"department_id": "BIO-03", "department_name": "Sciences de la Vie et de la Terre", "head_of_department": "Pr. Mansouri", "start_date": "2012-09-01", "no_of_students": 230}}, {"model": "department.department", "pk": 5, "fields": {"department_id": "INFO", "department_name": "Informatique", "head_of_department": "Dr. Ahmed Bennani", "start_date": "2020-09-01", "no_of_students": 45}}, {"model": "department.department", "pk": 6, "fields": {"department_id": "MATH", "department_name": "Mathematiques", "head_of_department": "Dr. Fatima Zahra", "start_date": "2019-09-01", "no_of_students": 38}}, {"model": "department.department", "pk": 7, "fields": {"department_id": "PHY", "department_name": "Physique", "head_of_department": "Dr. Karim Idrissi", "start_date": "2021-09-01", "no_of_students": 30}}, {"model": "department.department", "pk": 8, "fields": {"department_id": "LANG", "department_name": "Langues", "head_of_department": "Prof. Sara Alaoui", "start_date": "2018-09-01", "no_of_students": 52}}, {"model": "department.department", "pk": 18, "fields": {"department_id": "test2", "department_name": "departement test2", "head_of_department": "Pr. Alaoui", "start_date": "2000-09-09", "no_of_students": 400}}, {"model": "subject.subject", "pk": 2, "fields": {"subject_code": "CHIMIE-01", "subject_name": "Chimie organique ", "department": 3, "teacher": null, "credits": 2, "description": "HHHH"}}, {"model": "subject.subject", "pk": 3, "fields": {"subject_code": "ALGO101", "subject_name": "Algorithmique et Programmation", "department": 5, "teacher": null, "credits": 4, "description": "Bases de lalgorithmique et structures de donnees"}}, {"model": "subject.subject", "pk": 4, "fields": {"subject_code": "WEB201", "subject_name": "Developpement Web", "department": 5, "teacher": null, "credits": 3, "description": "HTML CSS JavaScript Python Django"}}, {"model": "subject.subject", "pk": 5, "fields": {"subject_code": "DB301", "subject_name": "Bases de Donnees", "department": 5, "teacher": null, "credits": 3, "description": "SQL NoSQL et conception de BDD"}}, {"model": "subject.subject", "pk": 6, "fields": {"subject_code": "NET101", "subject_name": "Reseaux Informatiques", "department": 5, "teacher": null, "credits": 3, "description": "TCP IP routage et protocoles"}}, {"model": "subject.subject", "pk": 7, "fields": {"subject_code": "CALC101", "subject_name": "Calcul Differentiel", "department": 6, "teacher": null, "credits": 4, "description": "Derivees integrales et series"}}, {"model": "subject.subject", "pk": 8, "fields": {"subject_code": "STAT201", "subject_name": "Statistiques et Probabilites", "department": 6, "teacher": null, "credits": 3, "description": "Probabilites inferences et tests"}}, {"model": "subject.subject", "pk": 9, "fields": {"subject_code": "ALG201", "subject_name": "Algebre Lineaire", "department": 6, "teacher": null, "credits": 3, "description": "Vecteurs matrices et determinants"}}, {"model": "subject.subject", "pk": 10, "fields": {"subject_code": "MECA101", "subject_name": "Mecanique Classique", "department": 7, "teacher": null, "credits": 4, "description": "Cinematique dynamique et energie"}}, {"model": "subject.subject", "pk": 11, "fields": {"subject_code": "ELEC201", "subject_name": "Electronique", "department": 7, "teacher": null, "credits": 3, "description": "Circuits composants et signaux"}}, {"model": "subject.subject", "pk": 12, "fields": {"subject_code": "ANG101", "subject_name": "Anglais Technique", "department": 8, "teacher": null, "credits": 2, "description": "Redaction et communication professionnelle en anglais"}}, {"model": "subject.subject", "pk": 13, "fields": {"subject_code": "FRA101", "subject_name": "Francais Professionnel", "department": 8, "teacher": null, "credits": 2, "description": "Expression ecrite et orale en francais"}}, {"model": "subject.subject", "pk": 24, "fields": {"subject_code": "TEST2", "subject_name": "INFO2", "department": 18, "teacher": 7, "credits": 3, "description": "CCC"}}, {"model": "holiday.holiday", "pk": 1, "fields": {"name": "Fête du Travail", "start_date": "2026-05-01", "end_date": "2026-05-01", "holiday_type": "national", "description": "Journée internationale des travailleurs", "created_at": "2026-03-31T14:38:44.040Z"}}, {"model": "holiday.holiday", "pk": 2, "fields": {"name": "Aïd El Fitr", "start_date": "2026-04-09", "end_date": "2026-04-12", "holiday_type": "religious", "description": "Fête de fin du Ramadan", "created_at": "2026-03-31T14:38:44.048Z"}}, {"model": "holiday.holiday", "pk": 3, "fields": {"name": "Vacances de Printemps", "start_date": "2026-04-13", "end_date": "2026-04-30", "holiday_type": "school", "description": "Vacances scolaires de printemps", "created_at": "2026-03-31T14:38:44.059Z"}}, {"model": "holiday.holiday", "pk": 4, "fields": {"name": "Aïd El Adha", "start_date": "2026-06-07", "end_date": "2026-06-09", "holiday_type": "religious", "description": "Fête du sacrifice", "created_at": "2026-03-31T14:38:44.064Z"}}, {"model": "holiday.holiday", "pk": 5, "fields": {"name": "Fête de lIndépendance", "start_date": "2026-07-05", "end_date": "2026-07-05", "holiday_type": "national", "description": "Indépendance nationale", "created_at": "2026-03-31T14:38:44.070Z"}}, {"model": "holiday.holiday", "pk": 6, "fields": {"name": "Vacances dEté", "start_date": "2026-07-15", "end_date": "2026-09-01", "holiday_type": "school", "description": "Grandes vacances scolaires", "created_at": "2026-03-31T14:38:44.073Z"}}, {"model": "holiday.holiday", "pk": 7, "fields": {"name": "Nouvel An Amazigh", "start_date": "2026-01-12", "end_date": "2026-01-12", "holiday_type": "national", "description": "Yennayer - Nouvel An berbère", "created_at": "2026-03-31T14:38:44.077Z"}}, {"model": "holiday.holiday", "pk": 8, "fields": {"name": "F", "start_date": "2026-05-08", "end_date": "2026-05-08", "holiday_type": "religious", "description": "Comm", "created_at": "2026-03-31T15:00:11.057Z"}}, {"model": "exam.exam", "pk": 4, "fields": {"name": "controle final", "exam_date": "2026-05-26", "subject": "python", "exam_class": "IDAI"}}, {"model": "timetable.timetable", "pk": 4, "fields": {"teacher_name": "ahmed", "subject_name": "Chimie organique ", "class_name": "idai", "day": "Samedi", "start_time": "09:00:00", "end_time": "12:00:00"}}]
