[{"model": "admin.logentry", "pk": 1, "fields": {"action_time": "2026-04-01T22:45:09.115Z", "user": 1, "content_type": 8, "object_id": "2", "object_repr": "teacher@preskool.ma", "action_flag": 1, "change_message": "[{\"added\": {}}]"}}, {"model": "admin.logentry", "pk": 2, "fields": {"action_time": "2026-04-01T22:46:32.219Z", "user": 1, "content_type": 8, "object_id": "3", "object_repr": "teacher1@preskool.ma", "action_flag": 1, "change_message": "[{\"added\": {}}]"}}, {"model": "admin.logentry", "pk": 3, "fields": {"action_time": "2026-04-01T22:48:00.500Z", "user": 1, "content_type": 8, "object_id": "3", "object_repr": "teacher1@preskool.ma", "action_flag": 2, "change_message": "[{\"changed\": {\"fields\": [\"First name\", \"Last name\", \"Email address\", \"Is teacher\"]}}]"}}, {"model": "admin.logentry", "pk": 4, "fields": {"action_time": "2026-04-01T22:49:31.738Z", "user": 1, "content_type": 8, "object_id": "4", "object_repr": "admin1@gmail.com", "action_flag": 1, "change_message": "[{\"added\": {}}]"}}, {"model": "admin.logentry", "pk": 5, "fields": {"action_time": "2026-04-01T22:49:56.514Z", "user": 1, "content_type": 8, "object_id": "4", "object_repr": "admin1@gmail.com", "action_flag": 2, "change_message": "[{\"changed\": {\"fields\": [\"Email address\", \"Is admin\"]}}]"}}, {"model": "admin.logentry", "pk": 6, "fields": {"action_time": "2026-04-01T22:50:41.256Z", "user": 1, "content_type": 8, "object_id": "5", "object_repr": "student1@gmail.com", "action_flag": 1, "change_message": "[{\"added\": {}}]"}}, {"model": "admin.logentry", "pk": 7, "fields": {"action_time": "2026-04-01T22:50:51.860Z", "user": 1, "content_type": 8, "object_id": "5", "object_repr": "student1@gmail.com", "action_flag": 2, "change_message": "[{\"changed\": {\"fields\": [\"Is student\"]}}]"}}, {"model": "auth.permission", "pk": 1, "fields": {"name": "Can add log entry", "content_type": 1, "codename": "add_logentry"}}, {"model": "auth.permission", "pk": 2, "fields": {"name": "Can change log entry", "content_type": 1, "codename": "change_logentry"}}, {"model": "auth.permission", "pk": 3, "fields": {"name": "Can delete log entry", "content_type": 1, "codename": "delete_logentry"}}, {"model": "auth.permission", "pk": 4, "fields": {"name": "Can view log entry", "content_type": 1, "codename": "view_logentry"}}, {"model": "auth.permission", "pk": 5, "fields": {"name": "Can add permission", "content_type": 3, "codename": "add_permission"}}, {"model": "auth.permission", "pk": 6, "fields": {"name": "Can change permission", "content_type": 3, "codename": "change_permission"}}, {"model": "auth.permission", "pk": 7, "fields": {"name": "Can delete permission", "content_type": 3, "codename": "delete_permission"}}, {"model": "auth.permission", "pk": 8, "fields": {"name": "Can view permission", "content_type": 3, "codename": "view_permission"}}, {"model": "auth.permission", "pk": 9, "fields": {"name": "Can add group", "content_type": 2, "codename": "add_group"}}, {"model": "auth.permission", "pk": 10, "fields": {"name": "Can change group", "content_type": 2, "codename": "change_group"}}, {"model": "auth.permission", "pk": 11, "fields": {"name": "Can delete group", "content_type": 2, "codename": "delete_group"}}, {"model": "auth.permission", "pk": 12, "fields": {"name": "Can view group", "content_type": 2, "codename": "view_group"}}, {"model": "auth.permission", "pk": 13, "fields": {"name": "Can add content type", "content_type": 4, "codename": "add_contenttype"}}, {"model": "auth.permission", "pk": 14, "fields": {"name": "Can change content type", "content_type": 4, "codename": "change_contenttype"}}, {"model": "auth.permission", "pk": 15, "fields": {"name": "Can delete content type", "content_type": 4, "codename": "delete_contenttype"}}, {"model": "auth.permission", "pk": 16, "fields": {"name": "Can view content type", "content_type": 4, "codename": "view_contenttype"}}, {"model": "auth.permission", "pk": 17, "fields": {"name": "Can add session", "content_type": 5, "codename": "add_session"}}, {"model": "auth.permission", "pk": 18, "fields": {"name": "Can change session", "content_type": 5, "codename": "change_session"}}, {"model": "auth.permission", "pk": 19, "fields": {"name": "Can delete session", "content_type": 5, "codename": "delete_session"}}, {"model": "auth.permission", "pk": 20, "fields": {"name": "Can view session", "content_type": 5, "codename": "view_session"}}, {"model": "auth.permission", "pk": 21, "fields": {"name": "Can add parent", "content_type": 6, "codename": "add_parent"}}, {"model": "auth.permission", "pk": 22, "fields": {"name": "Can change parent", "content_type": 6, "codename": "change_parent"}}, {"model": "auth.permission", "pk": 23, "fields": {"name": "Can delete parent", "content_type": 6, "codename": "delete_parent"}}, {"model": "auth.permission", "pk": 24, "fields": {"name": "Can view parent", "content_type": 6, "codename": "view_parent"}}, {"model": "auth.permission", "pk": 25, "fields": {"name": "Can add student", "content_type": 7, "codename": "add_student"}}, {"model": "auth.permission", "pk": 26, "fields": {"name": "Can change student", "content_type": 7, "codename": "change_student"}}, {"model": "auth.permission", "pk": 27, "fields": {"name": "Can delete student", "content_type": 7, "codename": "delete_student"}}, {"model": "auth.permission", "pk": 28, "fields": {"name": "Can view student", "content_type": 7, "codename": "view_student"}}, {"model": "auth.permission", "pk": 29, "fields": {"name": "Can add user", "content_type": 8, "codename": "add_customuser"}}, {"model": "auth.permission", "pk": 30, "fields": {"name": "Can change user", "content_type": 8, "codename": "change_customuser"}}, {"model": "auth.permission", "pk": 31, "fields": {"name": "Can delete user", "content_type": 8, "codename": "delete_customuser"}}, {"model": "auth.permission", "pk": 32, "fields": {"name": "Can view user", "content_type": 8, "codename": "view_customuser"}}, {"model": "auth.permission", "pk": 33, "fields": {"name": "Can add teacher", "content_type": 9, "codename": "add_teacher"}}, {"model": "auth.permission", "pk": 34, "fields": {"name": "Can change teacher", "content_type": 9, "codename": "change_teacher"}}, {"model": "auth.permission", "pk": 35, "fields": {"name": "Can delete teacher", "content_type": 9, "codename": "delete_teacher"}}, {"model": "auth.permission", "pk": 36, "fields": {"name": "Can view teacher", "content_type": 9, "codename": "view_teacher"}}, {"model": "auth.permission", "pk": 37, "fields": {"name": "Can add department", "content_type": 10, "codename": "add_department"}}, {"model": "auth.permission", "pk": 38, "fields": {"name": "Can change department", "content_type": 10, "codename": "change_department"}}, {"model": "auth.permission", "pk": 39, "fields": {"name": "Can delete department", "content_type": 10, "codename": "delete_department"}}, {"model": "auth.permission", "pk": 40, "fields": {"name": "Can view department", "content_type": 10, "codename": "view_department"}}, {"model": "auth.permission", "pk": 41, "fields": {"name": "Can add subject", "content_type": 11, "codename": "add_subject"}}, {"model": "auth.permission", "pk": 42, "fields": {"name": "Can change subject", "content_type": 11, "codename": "change_subject"}}, {"model": "auth.permission", "pk": 43, "fields": {"name": "Can delete subject", "content_type": 11, "codename": "delete_subject"}}, {"model": "auth.permission", "pk": 44, "fields": {"name": "Can view subject", "content_type": 11, "codename": "view_subject"}}, {"model": "auth.permission", "pk": 45, "fields": {"name": "Can add Jour Férié", "content_type": 12, "codename": "add_holiday"}}, {"model": "auth.permission", "pk": 46, "fields": {"name": "Can change Jour Férié", "content_type": 12, "codename": "change_holiday"}}, {"model": "auth.permission", "pk": 47, "fields": {"name": "Can delete Jour Férié", "content_type": 12, "codename": "delete_holiday"}}, {"model": "auth.permission", "pk": 48, "fields": {"name": "Can view Jour Férié", "content_type": 12, "codename": "view_holiday"}}, {"model": "auth.permission", "pk": 49, "fields": {"name": "Can add exam", "content_type": 13, "codename": "add_exam"}}, {"model": "auth.permission", "pk": 50, "fields": {"name": "Can change exam", "content_type": 13, "codename": "change_exam"}}, {"model": "auth.permission", "pk": 51, "fields": {"name": "Can delete exam", "content_type": 13, "codename": "delete_exam"}}, {"model": "auth.permission", "pk": 52, "fields": {"name": "Can view exam", "content_type": 13, "codename": "view_exam"}}, {"model": "auth.permission", "pk": 53, "fields": {"name": "Can add result", "content_type": 14, "codename": "add_result"}}, {"model": "auth.permission", "pk": 54, "fields": {"name": "Can change result", "content_type": 14, "codename": "change_result"}}, {"model": "auth.permission", "pk": 55, "fields": {"name": "Can delete result", "content_type": 14, "codename": "delete_result"}}, {"model": "auth.permission", "pk": 56, "fields": {"name": "Can view result", "content_type": 14, "codename": "view_result"}}, {"model": "auth.permission", "pk": 57, "fields": {"name": "Can add time table", "content_type": 15, "codename": "add_timetable"}}, {"model": "auth.permission", "pk": 58, "fields": {"name": "Can change time table", "content_type": 15, "codename": "change_timetable"}}, {"model": "auth.permission", "pk": 59, "fields": {"name": "Can delete time table", "content_type": 15, "codename": "delete_timetable"}}, {"model": "auth.permission", "pk": 60, "fields": {"name": "Can view time table", "content_type": 15, "codename": "view_timetable"}}, {"model": "auth.permission", "pk": 61, "fields": {"name": "Can add schedule proposal", "content_type": 16, "codename": "add_scheduleproposal"}}, {"model": "auth.permission", "pk": 62, "fields": {"name": "Can change schedule proposal", "content_type": 16, "codename": "change_scheduleproposal"}}, {"model": "auth.permission", "pk": 63, "fields": {"name": "Can delete schedule proposal", "content_type": 16, "codename": "delete_scheduleproposal"}}, {"model": "auth.permission", "pk": 64, "fields": {"name": "Can view schedule proposal", "content_type": 16, "codename": "view_scheduleproposal"}}, {"model": "contenttypes.contenttype", "pk": 1, "fields": {"app_label": "admin", "model": "logentry"}}, {"model": "contenttypes.contenttype", "pk": 2, "fields": {"app_label": "auth", "model": "group"}}, {"model": "contenttypes.contenttype", "pk": 3, "fields": {"app_label": "auth", "model": "permission"}}, {"model": "contenttypes.contenttype", "pk": 4, "fields": {"app_label": "contenttypes", "model": "contenttype"}}, {"model": "contenttypes.contenttype", "pk": 5, "fields": {"app_label": "sessions", "model": "session"}}, {"model": "contenttypes.contenttype", "pk": 6, "fields": {"app_label": "student", "model": "parent"}}, {"model": "contenttypes.contenttype", "pk": 7, "fields": {"app_label": "student", "model": "student"}}, {"model": "contenttypes.contenttype", "pk": 8, "fields": {"app_label": "home_auth", "model": "customuser"}}, {"model": "contenttypes.contenttype", "pk": 9, "fields": {"app_label": "teacher", "model": "teacher"}}, {"model": "contenttypes.contenttype", "pk": 10, "fields": {"app_label": "department", "model": "department"}}, {"model": "contenttypes.contenttype", "pk": 11, "fields": {"app_label": "subject", "model": "subject"}}, {"model": "contenttypes.contenttype", "pk": 12, "fields": {"app_label": "holiday", "model": "holiday"}}, {"model": "contenttypes.contenttype", "pk": 13, "fields": {"app_label": "exam", "model": "exam"}}, {"model": "contenttypes.contenttype", "pk": 14, "fields": {"app_label": "exam", "model": "result"}}, {"model": "contenttypes.contenttype", "pk": 15, "fields": {"app_label": "timetable", "model": "timetable"}}, {"model": "contenttypes.contenttype", "pk": 16, "fields": {"app_label": "timetable", "model": "scheduleproposal"}}, {"model": "sessions.session", "pk": "j45h0pycym5zxxkw3of6pvxuvwimy4mv", "fields": {"session_data": ".eJxVjMsOwiAQRf-FtSEMlJdL934DgWGQqoGktCvjv2uTLnR7zzn3xULc1hq2QUuYMzszYKffLUV8UNtBvsd26xx7W5c58V3hBx382jM9L4f7d1DjqN_aoiGtnTSTSAQ4eWG8lYjKFeNE9ugJCngrjLMUjVZUQCIklBAhZ8XeH8h3N3s:1w8I4m:NCTy3JKP2wpYKambpqrz5OvMdelA-up4aTBCyIR8bJA", "expire_date": "2026-04-16T13:27:12.158Z"}}, {"model": "sessions.session", "pk": "jpbzxabal3a8qv0vho2j71xi98dg3dkp", "fields": {"session_data": ".eJxVjMsOwiAQRf-FtSEMlJdL934DgWGQqoGktCvjv2uTLnR7zzn3xULc1hq2QUuYMzszYKffLUV8UNtBvsd26xx7W5c58V3hBx382jM9L4f7d1DjqN_aoiGtnTSTSAQ4eWG8lYjKFeNE9ugJCngrjLMUjVZUQCIklBAhZ8XeH8h3N3s:1w8I4o:9qig_Z9w5tu64KhnMLkaZuavPCIYlHORF2BD9xwe3xo", "expire_date": "2026-04-16T13:27:14.889Z"}}, {"model": "sessions.session", "pk": "wi9iv3d16pipgybmqgh3i19wltt1woyl", "fields": {"session_data": ".eJxVjMsOwiAQRf-FtSEMlJdL934DgWGQqoGktCvjv2uTLnR7zzn3xULc1hq2QUuYMzszYKffLUV8UNtBvsd26xx7W5c58V3hBx382jM9L4f7d1DjqN_aoiGtnTSTSAQ4eWG8lYjKFeNE9ugJCngrjLMUjVZUQCIklBAhZ8XeH8h3N3s:1w8I4q:plet7Op--gl_VpK_OT8BtyEYFgBmcOgCAaN93GSBPnM", "expire_date": "2026-04-16T13:27:16.896Z"}}, {"model": "student.parent", "pk": 1, "fields": {"father_name": "Omar Benali", "father_occupation": "Ingenieur", "father_mobile": "0661000001", "father_email": "omar@email.com", "mother_name": "Amina Benali", "mother_occupation": "Prof", "mother_mobile": "0661000002", "mother_email": "amina@email.com", "present_address": "12 Rue Fes", "permanent_address": "12 Rue Fes"}}, {"model": "student.parent", "pk": 2, "fields": {"father_name": "Hassan El Fassi", "father_occupation": "Medecin", "father_mobile": "0661000003", "father_email": "hassan@email.com", "mother_name": "Zineb El Fassi", "mother_occupation": "Infirmiere", "mother_mobile": "0661000004", "mother_email": "zineb@email.com", "present_address": "5 Av Casablanca", "permanent_address": "5 Av Casablanca"}}, {"model": "student.parent", "pk": 3, "fields": {"father_name": "Rachid Chraibi", "father_occupation": "Comercant", "father_mobile": "0661000005", "father_email": "rachid@email.com", "mother_name": "Houda Chraibi", "mother_occupation": "Enseignante", "mother_mobile": "0661000006", "mother_email": "houda@email.com", "present_address": "8 Rue Rabat", "permanent_address": "8 Rue Rabat"}}, {"model": "student.parent", "pk": 4, "fields": {"father_name": "Said Ziani", "father_occupation": "Fonctionnaire", "father_mobile": "0661000007", "father_email": "said@email.com", "mother_name": "Naima Ziani", "mother_occupation": "Menagere", "mother_mobile": "0661000008", "mother_email": "naima@email.com", "present_address": "3 Bd Marrakech", "permanent_address": "3 Bd Marrakech"}}, {"model": "student.parent", "pk": 5, "fields": {"father_name": "Ali Berrada", "father_occupation": "Architecte", "father_mobile": "0661000009", "father_email": "ali@email.com", "mother_name": "Khadija Berrada", "mother_occupation": "Avocate", "mother_mobile": "0661000010", "mother_email": "khadija@email.com", "present_address": "22 Rue Agadir", "permanent_address": "22 Rue Agadir"}}, {"model": "student.parent", "pk": 6, "fields": {"father_name": "Mourad Mansouri", "father_occupation": "Ingenieur", "father_mobile": "0661000011", "father_email": "mourad@email.com", "mother_name": "Samira Mansouri", "mother_occupation": "Dentiste", "mother_mobile": "0661000012", "mother_email": "samira@email.com", "present_address": "7 Av Tanger", "permanent_address": "7 Av Tanger"}}, {"model": "student.parent", "pk": 7, "fields": {"father_name": "Nabil Lahrichi", "father_occupation": "Comptable", "father_mobile": "0661000013", "father_email": "nabil@email.com", "mother_name": "Rajae Lahrichi", "mother_occupation": "Pharmacienne", "mother_mobile": "0661000014", "mother_email": "rajae@email.com", "present_address": "15 Rue Meknes", "permanent_address": "15 Rue Meknes"}}, {"model": "student.parent", "pk": 8, "fields": {"father_name": "Bilal Oufkir", "father_occupation": "Pilote", "father_mobile": "0661000015", "father_email": "bilal@email.com", "mother_name": "Widad Oufkir", "mother_occupation": "Avocate", "mother_mobile": "0661000016", "mother_email": "widad@email.com", "present_address": "9 Av Oujda", "permanent_address": "9 Av Oujda"}}, {"model": "student.parent", "pk": 9, "fields": {"father_name": "MOHAMED", "father_occupation": "HHHHH", "father_mobile": "0628056614", "father_email": "MOHAMAED@gmail.com", "mother_name": "FATIM", "mother_occupation": "HHHHHHHH", "mother_mobile": "0628056614", "mother_email": "FATIM@gmail.com", "present_address": "228. Route Oulad Ziane", "permanent_address": "12"}}, {"model": "student.parent", "pk": 10, "fields": {"father_name": "MOHAMED", "father_occupation": "HHHHH", "father_mobile": "0628056614", "father_email": "MOHAMAED@gmail.com", "mother_name": "FATIM", "mother_occupation": "HHHHHHHH", "mother_mobile": "0628056614", "mother_email": "FATIM@gmail.com", "present_address": "228. Route Oulad Ziane", "permanent_address": "12"}}, {"model": "student.parent", "pk": 11, "fields": {"father_name": "MOHAMED", "father_occupation": "HHHHH", "father_mobile": "0628056614", "father_email": "MOHAMAED@gmail.com", "mother_name": "FATIM", "mother_occupation": "HHHHHHHH", "mother_mobile": "0628056614", "mother_email": "FATIM@gmail.com", "present_address": "228. Route Oulad Ziane", "permanent_address": "12"}}, {"model": "student.parent", "pk": 12, "fields": {"father_name": "zaid", "father_occupation": "hhh", "father_mobile": "0628056643", "father_email": "zaid@gmail.com", "mother_name": "fatima", "mother_occupation": "hhhh", "mother_mobile": "0628056615", "mother_email": "fatima@gmail.com", "present_address": "Ancienne Route de l'Aéroport , km 10 , Ziaten . BP-416.Tanger-Maroc", "permanent_address": "12"}}, {"model": "student.student", "pk": 2, "fields": {"first_name": "Sana", "last_name": "El Fassi", "student_id": "2024002", "gender": "Female", "date_of_birth": "2003-07-22", "student_class": "IDAI", "joining_date": "2024-09-01", "mobile_number": "0661234502", "admission_number": "ADM002", "section": "B", "student_image": "", "parent": 2}}, {"model": "student.student", "pk": 3, "fields": {"first_name": "Mehdi", "last_name": "Chraibi", "student_id": "2024003", "gender": "Male", "date_of_birth": "2002-11-05", "student_class": "IDAG", "joining_date": "2024-09-01", "mobile_number": "0661234503", "admission_number": "ADM003", "section": "A", "student_image": "", "parent": 3}}, {"model": "student.student", "pk": 4, "fields": {"first_name": "Imane", "last_name": "Ziani", "student_id": "2024004", "gender": "Female", "date_of_birth": "2003-02-14", "student_class": "IDAI", "joining_date": "2024-09-01", "mobile_number": "0661234504", "admission_number": "ADM004", "section": "C", "student_image": "", "parent": 4}}, {"model": "student.student", "pk": 5, "fields": {"first_name": "Omar", "last_name": "Berrada", "student_id": "2024005", "gender": "Male", "date_of_birth": "2002-08-30", "student_class": "IDAG", "joining_date": "2024-09-01", "mobile_number": "0661234505", "admission_number": "ADM005", "section": "B", "student_image": "", "parent": 5}}, {"model": "student.student", "pk": 6, "fields": {"first_name": "Hiba", "last_name": "Mansouri", "student_id": "2024006", "gender": "Female", "date_of_birth": "2003-05-18", "student_class": "IDAI", "joining_date": "2024-09-01", "mobile_number": "0661234506", "admission_number": "ADM006", "section": "A", "student_image": "", "parent": 6}}, {"model": "student.student", "pk": 7, "fields": {"first_name": "Yassine", "last_name": "Lahrichi", "student_id": "2024007", "gender": "Male", "date_of_birth": "2002-12-01", "student_class": "IDAG", "joining_date": "2024-09-01", "mobile_number": "0661234507", "admission_number": "ADM007", "section": "B", "student_image": "", "parent": 7}}, {"model": "student.student", "pk": 8, "fields": {"first_name": "Salma", "last_name": "Oufkir", "student_id": "2024008", "gender": "Female", "date_of_birth": "2003-09-09", "student_class": "IDAI", "joining_date": "2024-09-01", "mobile_number": "0661234508", "admission_number": "ADM008", "section": "C", "student_image": "", "parent": 8}}, {"model": "student.student", "pk": 12, "fields": {"first_name": "Doha", "last_name": "OUTAHAR", "student_id": "22012439", "gender": "Female", "date_of_birth": "2004-02-25", "student_class": "IDAI", "joining_date": "2022-09-09", "mobile_number": "0628056614", "admission_number": "6237623", "section": "2", "student_image": "", "parent": 12}}, {"model": "home_auth.customuser", "pk": 1, "fields": {"password": "pbkdf2_sha256$1200000$o0CvKsQUUlFclMEjcYp1Dt$0a/WffsB++fA9mareD6fuRuo9PYsRpZdB6hwl6NaH8g=", "last_login": "2026-04-02T13:27:16.886Z", "is_superuser": true, "username": "admintest@gmail.com", "first_name": "", "last_name": "", "email": "admintest@gmail.com", "is_staff": true, "is_active": true, "date_joined": "2026-04-01T19:09:30.260Z", "is_student": false, "is_teacher": false, "is_admin": false, "groups": [], "user_permissions": []}}, {"model": "home_auth.customuser", "pk": 2, "fields": {"password": "pbkdf2_sha256$1200000$8TAdNlL7Zq4oV4lGj1EaiA$ppKEWQQL4uN7YrXTR8ou4w74jHS0zChniwlKu+U/vMQ=", "last_login": null, "is_superuser": false, "username": "teacher@preskool.ma", "first_name": "", "last_name": "", "email": "", "is_staff": false, "is_active": true, "date_joined": "2026-04-01T22:45:05.670Z", "is_student": false, "is_teacher": false, "is_admin": false, "groups": [], "user_permissions": []}}, {"model": "home_auth.customuser", "pk": 3, "fields": {"password": "pbkdf2_sha256$1200000$ZPBm1ZyESmgBsSLGFceNhG$Wyap7VXpDSYbXPp+hMrvtFtqFWmPOaWv6BS84/GTHF4=", "last_login": "2026-04-02T13:05:56.128Z", "is_superuser": false, "username": "teacher1@preskool.ma", "first_name": "teacher", "last_name": "1", "email": "teacher1@preskool.ma", "is_staff": false, "is_active": true, "date_joined": "2026-04-01T22:46:30Z", "is_student": false, "is_teacher": true, "is_admin": false, "groups": [], "user_permissions": []}}, {"model": "home_auth.customuser", "pk": 4, "fields": {"password": "pbkdf2_sha256$1200000$zzB5C9RohknmUVoflaLLZE$7vTMGbXMA2Rs3+Or+QsABmIxD0BThbzj+WDvzXBQnDo=", "last_login": null, "is_superuser": false, "username": "admin1@gmail.com", "first_name": "", "last_name": "", "email": "admin1@preskool.ma", "is_staff": false, "is_active": true, "date_joined": "2026-04-01T22:49:30Z", "is_student": false, "is_teacher": false, "is_admin": true, "groups": [], "user_permissions": []}}, {"model": "home_auth.customuser", "pk": 5, "fields": {"password": "pbkdf2_sha256$1200000$PWcjKkUfRkIM4K1v7NnJoI$QlgLLz24pV+/jY1HX9Zc8xm7AoC0XUjxc2tUMQ/+KSk=", "last_login": "2026-04-02T11:38:51.053Z", "is_superuser": false, "username": "student1@gmail.com", "first_name": "", "last_name": "", "email": "", "is_staff": false, "is_active": true, "date_joined": "2026-04-01T22:50:39Z", "is_student": true, "is_teacher": false, "is_admin": false, "groups": [], "user_permissions": []}}, {"model": "home_auth.customuser", "pk": 6, "fields": {"password": "pbkdf2_sha256$1200000$fki2usjfmwzcpILxB9oPkf$tAoRJvLH84NqWUpGaqn73tEi2WMPVbBXnl04THEzAaE=", "last_login": null, "is_superuser": false, "username": "doha@gmail.com", "first_name": "Doha", "last_name": "outahar", "email": "doha@gmail.com", "is_staff": false, "is_active": true, "date_joined": "2026-04-02T11:56:26.786Z", "is_student": true, "is_teacher": false, "is_admin": false, "groups": [], "user_permissions": []}}, {"model": "home_auth.customuser", "pk": 7, "fields": {"password": "pbkdf2_sha256$1200000$BR9M5fbtesF1pjAAzWhm2s$YTpQR1Epu2nZOVrwzK1OJbQ6qXGAZZONLyge6id/E48=", "last_login": "2026-04-02T12:40:16.196Z", "is_superuser": false, "username": "student2@gmail.com", "first_name": "Doha", "last_name": "OUTAHAR", "email": "student2@gmail.com", "is_staff": false, "is_active": true, "date_joined": "2026-04-02T12:02:43.406Z", "is_student": true, "is_teacher": false, "is_admin": false, "groups": [], "user_permissions": []}}, {"model": "teacher.teacher", "pk": 1, "fields": {"teacher_id": "TCH001", "first_name": "Karim", "last_name": "Idrissi", "gender": "Male", "date_of_birth": "1978-03-15", "mobile_number": "0661100001", "joining_date": "2015-09-01", "experience": "10 ans", "address": "5 Rue Atlas, Casablanca", "department": 1}}, {"model": "teacher.teacher", "pk": 2, "fields": {"teacher_id": "TCH002", "first_name": "Fatima", "last_name": "Zahra", "gender": "Female", "date_of_birth": "1982-07-22", "mobile_number": "0661100002", "joining_date": "2017-09-01", "experience": "8 ans", "address": "12 Av Hassan II, Rabat", "department": 2}}, {"model": "teacher.teacher", "pk": 3, "fields": {"teacher_id": "TCH003", "first_name": "Yassine", "last_name": "Benali", "gender": "Male", "date_of_birth": "1980-11-10", "mobile_number": "0661100003", "joining_date": "2016-09-01", "experience": "9 ans", "address": "8 Rue Fes, Meknes", "department": 3}}, {"model": "teacher.teacher", "pk": 4, "fields": {"teacher_id": "TCH004", "first_name": "Sara", "last_name": "Alaoui", "gender": "Female", "date_of_birth": "1985-04-05", "mobile_number": "0661100004", "joining_date": "2018-09-01", "experience": "7 ans", "address": "3 Av Mohammed V, Tanger", "department": 4}}, {"model": "teacher.teacher", "pk": 5, "fields": {"teacher_id": "TCH005", "first_name": "Omar", "last_name": "Tazi", "gender": "Male", "date_of_birth": "1975-09-30", "mobile_number": "0661100005", "joining_date": "2012-09-01", "experience": "13 ans", "address": "20 Rue Oued, Marrakech", "department": 5}}, {"model": "teacher.teacher", "pk": 6, "fields": {"teacher_id": "TCH006", "first_name": "Houda", "last_name": "Mansouri", "gender": "Female", "date_of_birth": "1988-01-18", "mobile_number": "0661100006", "joining_date": "2019-09-01", "experience": "6 ans", "address": "7 Bd Zerktouni, Agadir", "department": 1}}, {"model": "teacher.teacher", "pk": 7, "fields": {"teacher_id": "TCH007", "first_name": "Rachid", "last_name": "El Fassi", "gender": "Male", "date_of_birth": "1979-06-25", "mobile_number": "0661100007", "joining_date": "2014-09-01", "experience": "11 ans", "address": "15 Rue Moulay, Fes", "department": 2}}, {"model": "teacher.teacher", "pk": 8, "fields": {"teacher_id": "TCH008", "first_name": "Zineb", "last_name": "Chraibi", "gender": "Female", "date_of_birth": "1983-12-03", "mobile_number": "0661100008", "joining_date": "2016-09-01", "experience": "9 ans", "address": "2 Av Allal, Oujda", "department": 3}}, {"model": "department.department", "pk": 1, "fields": {"department_id": "INFO", "department_name": "Informatique", "head_of_department": "Dr. Ahmed Bennani", "start_date": "2020-09-01", "no_of_students": 45}}, {"model": "department.department", "pk": 2, "fields": {"department_id": "MATH", "department_name": "Mathematiques", "head_of_department": "Dr. Fatima Zahra", "start_date": "2019-09-01", "no_of_students": 38}}, {"model": "department.department", "pk": 3, "fields": {"department_id": "PHY", "department_name": "Physique", "head_of_department": "Dr. Karim Idrissi", "start_date": "2021-09-01", "no_of_students": 30}}, {"model": "department.department", "pk": 4, "fields": {"department_id": "LANG", "department_name": "Langues", "head_of_department": "Prof. Sara Alaoui", "start_date": "2018-09-01", "no_of_students": 52}}, {"model": "department.department", "pk": 5, "fields": {"department_id": "ECON", "department_name": "Economie", "head_of_department": "Dr. Youssef Tazi", "start_date": "2020-01-15", "no_of_students": 41}}, {"model": "subject.subject", "pk": 1, "fields": {"subject_code": "ALGO101", "subject_name": "Algorithmique et Programmation", "department": 1, "teacher": null, "credits": 4, "description": "Bases de lalgorithmique et structures de donnees"}}, {"model": "subject.subject", "pk": 2, "fields": {"subject_code": "WEB201", "subject_name": "Developpement Web", "department": 1, "teacher": null, "credits": 3, "description": "HTML CSS JavaScript Python Django"}}, {"model": "subject.subject", "pk": 3, "fields": {"subject_code": "DB301", "subject_name": "Bases de Donnees", "department": 1, "teacher": null, "credits": 3, "description": "SQL NoSQL et conception de BDD"}}, {"model": "subject.subject", "pk": 4, "fields": {"subject_code": "NET101", "subject_name": "Reseaux Informatiques", "department": 1, "teacher": null, "credits": 3, "description": "TCP IP routage et protocoles"}}, {"model": "subject.subject", "pk": 5, "fields": {"subject_code": "CALC101", "subject_name": "Calcul Differentiel", "department": 2, "teacher": null, "credits": 4, "description": "Derivees integrales et series"}}, {"model": "subject.subject", "pk": 6, "fields": {"subject_code": "STAT201", "subject_name": "Statistiques et Probabilites", "department": 2, "teacher": null, "credits": 3, "description": "Probabilites inferences et tests"}}, {"model": "subject.subject", "pk": 7, "fields": {"subject_code": "ALG201", "subject_name": "Algebre Lineaire", "department": 2, "teacher": null, "credits": 3, "description": "Vecteurs matrices et determinants"}}, {"model": "subject.subject", "pk": 8, "fields": {"subject_code": "MECA101", "subject_name": "Mecanique Classique", "department": 3, "teacher": null, "credits": 4, "description": "Cinematique dynamique et energie"}}, {"model": "subject.subject", "pk": 9, "fields": {"subject_code": "ELEC201", "subject_name": "Electronique", "department": 3, "teacher": null, "credits": 3, "description": "Circuits composants et signaux"}}, {"model": "subject.subject", "pk": 10, "fields": {"subject_code": "ANG101", "subject_name": "Anglais Technique", "department": 4, "teacher": null, "credits": 2, "description": "Redaction et communication professionnelle en anglais"}}, {"model": "subject.subject", "pk": 11, "fields": {"subject_code": "FRA101", "subject_name": "Francais Professionnel", "department": 4, "teacher": null, "credits": 2, "description": "Expression ecrite et orale en francais"}}, {"model": "subject.subject", "pk": 12, "fields": {"subject_code": "ECO101", "subject_name": "Microeconomie", "department": 5, "teacher": null, "credits": 3, "description": "Offre demande et theorie des marches"}}, {"model": "subject.subject", "pk": 13, "fields": {"subject_code": "COMPTA", "subject_name": "Comptabilite Generale", "department": 5, "teacher": null, "credits": 3, "description": "Bilan compte de resultat et flux"}}, {"model": "exam.exam", "pk": 1, "fields": {"name": "Contrôle continu ", "exam_date": "2026-04-29", "subject": "Dev mobile", "exam_class": "IDAI"}}, {"model": "exam.result", "pk": 1, "fields": {"exam": 1, "student": 12, "marks": "20.00", "comments": ""}}, {"model": "exam.result", "pk": 2, "fields": {"exam": 1, "student": 12, "marks": "13.00", "comments": ""}}, {"model": "timetable.timetable", "pk": 1, "fields": {"teacher_name": "PROF", "subject_name": "Chimie organique ", "class_name": "Génie chimie", "day": "Vendredi", "start_time": "09:00:00", "end_time": "12:00:00"}}, {"model": "timetable.timetable", "pk": 2, "fields": {"teacher_name": "PROF", "subject_name": "Chimie ", "class_name": "Génie chimie", "day": "Lundi", "start_time": "09:00:00", "end_time": "12:00:00"}}, {"model": "timetable.timetable", "pk": 3, "fields": {"teacher_name": "PROF", "subject_name": "Chimie ", "class_name": "Génie chimie", "day": "Wednesday", "start_time": "07:00:00", "end_time": "12:00:00"}}, {"model": "timetable.timetable", "pk": 4, "fields": {"teacher_name": "teacher 1", "subject_name": "INFO1", "class_name": "INFO", "day": "Monday", "start_time": "10:00:00", "end_time": "12:00:00"}}, {"model": "timetable.scheduleproposal", "pk": 1, "fields": {"teacher": 3, "teacher_name": "teacher 1", "subject_name": "INFO1", "class_name": "INFO", "day": "Monday", "start_time": "10:00:00", "end_time": "12:00:00", "status": "approved", "admin_remarks": null, "created_at": "2026-04-02T13:26:51.713Z"}}]
